{"cameraMode":{"drawMode":0,"name":"Shaded","section":"Shading Mode"},"sceneLighting":true,"audioPlay":false,"sceneViewState":{"m_AlwaysRefresh":false,"showFog":true,"showSkybox":true,"showFlares":true,"showImageEffects":true,"showParticleSystems":true,"showVisualEffectGraphs":true,"m_FxEnabled":true},"in2DMode":false,"pivot":{"x":-11.72023868560791,"y":-7.755744457244873,"z":168.67921447753907},"rotation":{"x":-0.04227297008037567,"y":0.03206036239862442,"z":-0.0013342583552002907,"w":-0.9985150098800659},"size":94.49299621582031,"orthographic":false}