{"cameraMode":{"drawMode":0,"name":"Shaded","section":"Shading Mode"},"sceneLighting":false,"audioPlay":false,"sceneViewState":{"m_AlwaysRefresh":false,"showFog":true,"showSkybox":false,"showFlares":true,"showImageEffects":true,"showParticleSystems":true,"showVisualEffectGraphs":true,"m_FxEnabled":true},"in2DMode":false,"pivot":{"x":0.3352314829826355,"y":0.024510689079761506,"z":-0.03693414479494095},"rotation":{"x":-0.06322760134935379,"y":-0.7582874894142151,"z":0.07440856844186783,"w":-0.6444119811058044},"size":0.6588167548179627,"orthographic":false}